id	Comments	Gender	Reason
1.000000	"Rooms were clean."	"female"	"leisure"
2.000000	"nothing"	"female"	"business"
3.000000	"Excellent value for money"	"male"	"leisure"
4.000000	"Parking too small. No free wifi in rooms. No crib for our child."	"female"	"leisure"
5.000000	"Comfortable rooms, outstanding breakfast, nice service"	"male"	"business"
6.000000	"Quiet location right on the beach."	"female"	"business"
7.000000	"Pleasant service"	"female"	"leisure"
8.000000	"View on the beautiful countryside and the sea."	"male"	"leisure"
9.000000	"Beautiful location"	"female"	"business"
10.000000	"The service, the cleanness and neatness of  room and  bath room. Rich and imaginative breakfast buffet"	"female"	"business"
11.000000	"Outstanding services"	"male"	"business"
12.000000	"Excellent location by the  beach, diverse excursion offerings, varied buffet, friendly service staff"	"male"	"business"
13.000000	"Friendly room service, attentive staff"	"female"	"leisure"
14.000000	"The hotel staff was always very courteous. The breakfast buffet was very monotonous,  every morning the same offer and there were no fresh fruit"	"female"	"leisure"
15.000000	"Clean hotel, but small room."	"male"	"business"
16.000000	"the sun terrace was wonderful, and the spa was very nice."	"female"	"business"
17.000000	"Very quiet, but very expensive"	"male"	"leisure"
18.000000	"Breakfast Buffet, luxurious bathrooms. Friendliness of the staff, tour guides"	"female"	"business"
19.000000	"Excellent price/quality ratio, great technical equipment of the room, but noisy at night"	"male"	"leisure"
20.000000	"Friendly service,  quietness and  cleanliness throughout the whole hotel. The beds were a bit too small, you could not stretch out."	"male"	"leisure"
21.000000	"Service, quiet location, room facilities, but no parking facilities"	"male"	"leisure"
22.000000	"Selection at  breakfast buffet, nice size of the rooms, attentive staff"	"female"	"leisure"
23.000000	"nice atmosphere, great decoration, great service; but  breakfast hours too limited."	"female"	"business"
24.000000	"Breakfast buffet, lounge, good service"	"female"	"leisure"
25.000000	"I enjoyed the good food, the friendly staff, the room, the cleanliness, the view, the proximity to the city center,  beach, sea, the transport, the accessibility"	"male"	"business"
26.000000	"My wife and I appreciated the size of rooms, the lounge, the spa and the restaurant."	"male"	"leisure"
27.000000	"I appreciated the rooms and the service"	"male"	"business"
28.000000	"good service"	"female"	"leisure"
29.000000	"Small room but cosy. Great restaurant."	"male"	"business"
30.000000	"Small but cozy room. However night porter was extremely offensive"	"female"	"business"
31.000000	"Great room decor and the friendliness of the staff."	"male"	"business"
32.000000	"Everything was fine. Hotel was in good condition"	"female"	"leisure"
33.000000	"Price-performance ratio is right. Location is fantastic. "	"female"	"leisure"
34.000000	"The rooms are very well appointed"	"male"	"business"
35.000000	"The view is spectacular! Great renovation"	"female"	"leisure"
36.000000	"The location of the hotel is really great. Poor staff"	"female"	"leisure"
37.000000	"The rooms were newly renovated, quite spacious and  clean. Prices are reasonable."	"female"	"leisure"
38.000000	"a hotel with good price / performance ratio, but air conditioning is not individually adjustable"	"male"	"business"
39.000000	"We were very satisfied by the accommodation, the location and the service. Besides, rooms were extremely clean. We would return"	"female"	"leisure"
40.000000	"Very well-kept house in a central location."	"female"	"leisure"
41.000000	"Highly recommended"	"male"	"business"
42.000000	"Hotel crew very friendly and accommodating."	"male"	"leisure"
43.000000	"The hotel was very acceptable."	"female"	"business"
44.000000	"The price was absolutely great"	"male"	"business"
45.000000	"The rooms are extremely clean and spacious."	"female"	"business"
46.000000	"The hotel is very quiet, but rooms weren't cleaned daily."	"female"	"leisure"
47.000000	"The staff was friendly and accommodating."	"male"	"leisure"
48.000000	"Friendly and courteous staff."	"male"	"business"
49.000000	"We immediately felt comfortable, like at home."	"male"	"business"
50.000000	"Very beautiful. The suites are well-furnished and very nice."	"male"	"leisure"
51.000000	"very well run hotel"	"male"	"leisure"
52.000000	"quiet hotel"	"female"	"business"
53.000000	"very quiet Hhotel"	"male"	"business"
54.000000	"I highly recommend this hotel. Very nice and helpful service."	"male"	"leisure"
55.000000	"Great hotel in a beautiful landscape"	"male"	"leisure"
56.000000	"Great location."	"female"	"leisure"
57.000000	"The hotel is a dream for those seeking tranquility."	"male"	"leisure"
58.000000	"The rooms are very well furnished and clean"	"female"	"leisure"
59.000000	"A very well-kept hotel."	"female"	"business"
60.000000	"Excellent value for money"	"female"	"leisure"
61.000000	"This hotel is a must  in every respect : cleanliness, quality and variety of food"	"female"	"leisure"
62.000000	"family-friendly, quiet, clean."	"female"	"leisure"
63.000000	"always trying to improve quality."	"male"	"business"
64.000000	"The service was good."	"female"	"leisure"
65.000000	"Service was fine."	"male"	"business"
66.000000	"Outstanding and very cheap room service"	"female"	"leisure"
67.000000	"Good quality and hygiene"	"female"	"business"
68.000000	"Very good selection at the buffet."	"female"	"business"
69.000000	"Varied food at breakfast."	"female"	"leisure"
70.000000	"Room was good, clean and well maintained. Air conditioning could be regulated."	"male"	"business"
71.000000	"The apartments are well furnished."	"male"	"business"
72.000000	"the bathroom was OK."	"male"	"leisure"
73.000000	"Price-performance ratio is great!"	"male"	"leisure"
74.000000	"Super value for money!"	"female"	"leisure"
75.000000	"We were pleasantly surprised by the food. Buffet breakfast was always plentiful and delicious"	"male"	"leisure"
76.000000	"The hotel is very quiet. For me, it was optimal."	"male"	"business"
77.000000	"room ok."	"male"	"business"
78.000000	"Pool is nice, always clean and sun loungers always available!"	"male"	"leisure"
79.000000	"Great for children"	"female"	"leisure"
80.000000	"Perfect location, outstanding staff. Excellent value for money"	"male"	"business"
81.000000	"Everything was excellent."	"male"	"business"
82.000000	"A very clean facility with a beautiful apartment."	"male"	"leisure"
83.000000	"The food was great and tasted good."	"female"	"business"
84.000000	"The pool is clean"	"female"	"leisure"
85.000000	"All in all a nice holiday in a clean, friendly environment."	"male"	"leisure"
86.000000	"Staff very friendly and helpful"	"male"	"business"
87.000000	"the rooms are very modern and comfortable; the bathroom was large"	"male"	"leisure"
88.000000	"All in all, the hotel was very good for a week, and is therefore highly recommended."	"male"	"leisure"
89.000000	"Great location. One of the best hotels I've stayed in."	"male"	"leisure"
90.000000	"good location."	"female"	"business"
91.000000	"the location."	"male"	"business"
92.000000	"The bedding was lesser quality than quality"	"male"	"leisure"
93.000000	"We recommend this place"	"female"	"leisure"
94.000000	"Neat and clean hotel. Nice upgrades"	"male"	"leisure"
95.000000	"Decent hotel"	"female"	"business"
96.000000	"Decent, clean hotel"	"male"	"leisure"
97.000000	"Clean hotel"	"male"	"leisure"
98.000000	"The technical service was impeccable."	"male"	"leisure"
99.000000	"Very good food"	"female"	"business"
100.000000	"Very friendly reception, but bad odor in the bathroom."	"male"	"leisure"
101.000000	"Great service, food and rooms."	"female"	"leisure"
102.000000	"Great indoor pool and  spa features"	"female"	"business"
103.000000	"Very spacious rooms"	"female"	"business"
104.000000	"good breakfast. I was very satisfied overall with the service"	"male"	"leisure"
105.000000	"very good staff"	"male"	"business"
106.000000	"II would like to commend the very friendly and attentive service."	"male"	"leisure"
107.000000	"Food was delicious and varied"	"male"	"business"
108.000000	"a beautiful hotel in a fantastic location."	"female"	"leisure"
109.000000	"Quiet hotel"	"male"	"business"
110.000000	"No free internet. No free TV. Room too small"	"male"	"business"
111.000000	"Room was smelly and tiny"	"female"	"business"
112.000000	"helpful staff"	"male"	"leisure"
113.000000	"First, the good price, secondly, friendly staff"	"female"	"leisure"
114.000000	"Selection very good in the restaurant"	"female"	"business"
115.000000	"Location is great"	"female"	"business"
116.000000	"Pleasant staff"	"female"	"leisure"
117.000000	"Very quiet"	"female"	"leisure"
118.000000	"dinner was excellent."	"female"	"leisure"
119.000000	"very good for families."	"female"	"leisure"
120.000000	"Room was large and comfortable"	"male"	"leisure"
121.000000	"Waiter was very friendly. My room was a little tiny but comfortable."	"male"	"business"
122.000000	"The main thing is  the good price"	"female"	"leisure"
123.000000	"conveniently located"	"male"	"leisure"
124.000000	"There was good variety in the buffet"	"male"	"leisure"
125.000000	"Excellent pool"	"male"	"leisure"
126.000000	"good hygiene"	"female"	"business"
127.000000	"no noise, although it is very close to the airport."	"male"	"business"
128.000000	"Room service was fast and not too expensive"	"male"	"business"
129.000000	"Breakfast was very good"	"female"	"leisure"
130.000000	"Clean and modern bathroom"	"male"	"business"
131.000000	"Nice hotel"	"female"	"business"
132.000000	"flawless stay"	"male"	"leisure"
133.000000	"Staff was very helpful"	"female"	"leisure"
134.000000	"nice spacious rooms"	"male"	"leisure"
135.000000	"The rooms were clean and the bathroom really smart."	"male"	"leisure"
136.000000	"The food was tasty"	"female"	"leisure"
137.000000	"The rooms are nice, overlooking the river"	"male"	"leisure"
138.000000	"Beautiful location"	"male"	"leisure"
139.000000	"very quiet"	"female"	"business"
140.000000	"Room was pretty clean"	"female"	"leisure"
141.000000	"Service and cleanliness as you would expect"	"female"	"leisure"
142.000000	"Friendly staff"	"female"	"leisure"
143.000000	"Room was clean"	"male"	"business"
144.000000	"Very stylish, modern hotel"	"male"	"leisure"
145.000000	"good location"	"male"	"business"
146.000000	"friendly service"	"male"	"business"
147.000000	"good prices"	"female"	"leisure"
148.000000	"Everything was clean"	"female"	"business"
149.000000	"fast service"	"female"	"leisure"
150.000000	"good breakfast"	"female"	"business"
151.000000	"good selection in the restaurant"	"female"	"leisure"
152.000000	"The food was good for the price, but the same "menu of the day" every day"	"female"	"leisure"
153.000000	"Location and price"	"male"	"leisure"
154.000000	"Staff very hardworking and polite"	"male"	"business"
155.000000	"Nice location"	"male"	"business"
156.000000	"Very good service."	"female"	"leisure"
157.000000	"very good hygiene. Bathroom was immaculate"	"female"	"leisure"
158.000000	"frankly nothing!"	"male"	"business"
159.000000	"Hallway and stairs were clean and bright, but the room and bathrom were dusty."	"female"	"business"
160.000000	"Good price"	"female"	"business"
161.000000	"new sauna very good"	"male"	"leisure"
162.000000	"Breakfast was very good"	"male"	"leisure"
163.000000	"Room quite large"	"male"	"business"
164.000000	"Parking very useful"	"male"	"leisure"
165.000000	"Not cost-effective."	"male"	"leisure"
166.000000	"Kid-friendly hotel; I'll definitely come back with my husband and children."	"female"	"business"
167.000000	"Bar was very cozy; Good value for the money"	"female"	"business"
168.000000	"Everything was clean"	"female"	"leisure"
169.000000	"Room service very punctual"	"female"	"business"
170.000000	"Good prices"	"female"	"business"
171.000000	"Clean and modern hotel"	"female"	"business"
172.000000	"Room was warm and comfortable"	"male"	"business"
173.000000	"Very quiet. Relaxing"	"female"	"business"
174.000000	"Rooms and bathrooms were modern and clean"	"male"	"leisure"
175.000000	"No problem"	"female"	"business"
176.000000	"Good regional cuisine in the restaurant"	"female"	"business"
177.000000	"easy to reach by car."	"male"	"leisure"
178.000000	"Food was great. I had a wonderful time there."	"male"	"business"
179.000000	"Outstanding atmosphere."	"female"	"leisure"
180.000000	"Breakfast was very good and included in the price."	"female"	"leisure"
181.000000	"Dining room and bar always clean. Hotel close to the airport."	"female"	"business"
182.000000	"Entrance hall modern and fresh"	"female"	"business"
183.000000	"Good prices"	"female"	"leisure"
184.000000	"Very quiet. The upgraded room was excellent. Front desk people were very helpful."	"female"	"leisure"
185.000000	"Car park too expensive"	"female"	"leisure"
186.000000	"The hotel was extremely clean, the staff was always friendly"	"female"	"leisure"
187.000000	"The service was good and as expected"	"male"	"leisure"
188.000000	"Bathroom was very clean"	"female"	"leisure"
189.000000	"Rooms very clean"	"male"	"leisure"
190.000000	"I enjoyed the regional cuisine and regional wine"	"male"	"leisure"
191.000000	"The only problem with the rooms is that you can not turn off the air conditioning"	"female"	"business"
192.000000	"Very old bathtub (but clean!)"	"female"	"business"
193.000000	"No upgarde. Wasting about 20 minutes at the desk"	"male"	"business"
194.000000	" Everything costs extra unfortunately."	"male"	"leisure"
195.000000	"lack of sports program"	"male"	"business"
196.000000	"no sports facilities"	"male"	"business"
197.000000	"the food could be improved in terms of quality."	"female"	"leisure"
198.000000	"This hotel is  the worst place I've visited"	"male"	"leisure"
199.000000	"Good service and price. However, I cannot recommend the restaurant"	"female"	"business"
200.000000	"Very unfriendly reception."	"male"	"business"
201.000000	"An uncomprehensive reception !! Check-in took hours."	"male"	"business"
202.000000	"Breakfast was too expensive;  basic breakfast was always the same."	"female"	"leisure"
203.000000	"They gave us a very nice suite, but once the food was cold"	"female"	"leisure"
204.000000	"The dining room was a bit dark"	"female"	"leisure"
205.000000	"My wife and I have been guests in your hotel for the third time; We're extremely satisfied with our stay"	"male"	"leisure"
206.000000	"Parking could be free"	"male"	"leisure"
207.000000	"Hotel was hard to find, but fantastic service"	"female"	"leisure"
208.000000	"Great food!"	"female"	"leisure"
209.000000	"Disappointing view. My room smelled tobacco smoke."	"male"	"business"
210.000000	"the service was too slow."	"male"	"business"
211.000000	"small room. No room service available and no restaurant."	"female"	"leisure"
212.000000	"Wine was too expensive"	"male"	"leisure"
213.000000	"no safe in the room"	"male"	"leisure"
214.000000	"Bad smell on the 4th floor. Thin walls causing unpleasant night sleep. Toilet seat needed replacing"	"female"	"business"
215.000000	"I would like to have Internet access"	"male"	"leisure"
216.000000	"The bed was uncomfortable, the carpet was dirty"	"female"	"business"
217.000000	"the corridor was too dark"	"female"	"business"
218.000000	"Waitresses could not say whether the food was nut free. I have a nut allergy"	"female"	"business"
219.000000	"the service was  slow."	"female"	"leisure"
220.000000	"no choice for breakfast"	"female"	"leisure"
221.000000	"there was no internet connection"	"female"	"leisure"
222.000000	"The meal times were too early. Their small dinning area was ridiculous"	"male"	"leisure"
223.000000	"The breakfast costs extra"	"female"	"leisure"
224.000000	"A nice clean well-staffed hotel."	"male"	"business"
225.000000	"Room was not cleaned daily"	"female"	"leisure"
226.000000	"The swimming pool was always closed"	"female"	"business"
227.000000	"Breakfast does not take long enough"	"female"	"business"
228.000000	"The bed was not comfortable"	"female"	"leisure"
229.000000	"The TV set was broken"	"male"	"business"
230.000000	"A perfect stay."	"male"	"business"
231.000000	"poorly maintained hotel"	"male"	"leisure"
232.000000	"too much noise in the evening"	"female"	"leisure"
233.000000	"There was no soap in the bathroom"	"male"	"business"
234.000000	"Heating was too noisy (at night)"	"male"	"business"
235.000000	"In the restaurant, dishes were very old and scruffy"	"female"	"leisure"
236.000000	"One of the waitresses was very rude"	"male"	"leisure"
237.000000	"Expensive and poor room service"	"male"	"leisure"
238.000000	"Juice was not fresh"	"female"	"business"
239.000000	"no hairdryer in the room"	"female"	"leisure"
240.000000	"Mattresses were very uncomfortable"	"female"	"leisure"
241.000000	"Room next to the lifts. Very noisy"	"female"	"leisure"
242.000000	"Terrible music in the bar"	"male"	"business"
243.000000	"Mirror in bathroom was dirty"	"female"	"leisure"
244.000000	"Furniture very old-fashioned. Hard mattress"	"male"	"business"
245.000000	"not enough family rooms"	"female"	"leisure"
246.000000	"No Internet access"	"female"	"leisure"
247.000000	"Hotel lounge  is not very user-friendly"	"female"	"business"
248.000000	"dissatisfied with my room - quite too small"	"female"	"leisure"
249.000000	"Hotel not centrally located; I was there for business but wouldn't come back for leisure"	"female"	"business"
250.000000	"Bathroom was too small"	"male"	"leisure"
251.000000	"bad facilities"	"male"	"business"
252.000000	"Small conference rooms"	"male"	"business"
253.000000	"unfriendly waitress"	"male"	"leisure"
254.000000	"Bed was too hard"	"female"	"leisure"
255.000000	"Parking was too dark"	"female"	"business"
256.000000	"Bar was too expensive"	"male"	"leisure"
257.000000	"too many children"	"female"	"leisure"
258.000000	"Sheets were uncomfortable"	"female"	"business"
259.000000	"no chair in room"	"female"	"business"
260.000000	"Not possible to arrive by bus; Low-quality room amenities."	"female"	"leisure"
261.000000	"Nice location but too far from the train station"	"female"	"leisure"
262.000000	"Absolutely trouble-free late check-out. Super Service."	"male"	"business"
263.000000	"The hotel is outdated. Small room, low amenities."	"male"	"business"
264.000000	"Rooms too anonymous. Extras too expensive."	"female"	"leisure"
265.000000	"Nice place but the kitchen is not so good and overpriced."	"female"	"business"
266.000000	"Old-fashioned and worn interiors of the rooms."	"female"	"leisure"
267.000000	"Access to the pool for a fee"	"male"	"business"
268.000000	"The carpet in the room was stained"	"female"	"business"
269.000000	"All are very friendly and all have been helpful."	"female"	"business"
270.000000	"Atmosphere, friendliness"	"female"	"leisure"
271.000000	"Service, friendliness, cleanliness"	"female"	"leisure"
272.000000	"Great service but very tired-restoration / renovation urgently needed!"	"female"	"business"
273.000000	"Excellent operation and reception."	"female"	"business"
274.000000	"Breakfast Buffet"	"male"	"business"
275.000000	"great location"	"male"	"business"
276.000000	"perfect location"	"male"	"business"
277.000000	"All our expectations were not only met but exceeded! Very friendly and helpful staff"	"female"	"leisure"
278.000000	"No wireless LAN in the rooms, rooms poor, broken AC"	"male"	"business"
279.000000	"no wifi in the rooms, rooms bad"	"male"	"leisure"
280.000000	"Very attentive and helpful staff at reception"	"female"	"leisure"
281.000000	"The reservation has not worked."	"female"	"business"
282.000000	"Perfect reservation"	"female"	"leisure"
283.000000	"The reservations have worked out great."	"female"	"leisure"
284.000000	"The breakfast buffet was excellent and the staff very friendly"	"female"	"leisure"
285.000000	"Check out was very good."	"female"	"business"
286.000000	"The soundproofing was very good"	"female"	"leisure"
287.000000	"Unfortunately, the rooms are very dated and uncomfortable."	"female"	"leisure"
288.000000	"Unfortunately, the bathroom was very poorly cleaned."	"female"	"leisure"
289.000000	"The lift is too small."	"female"	"business"
290.000000	"Elevator very convenient"	"male"	"leisure"
291.000000	"Preferred Guest upgrade"	"male"	"business"
292.000000	"No Upgrade"	"male"	"business"
293.000000	"Free Room Upgrade"	"male"	"business"
294.000000	"A room upgrade was offered to me with an extra charge"	"male"	"business"
295.000000	"Superb breakfast buffet. We'll definitely come back."	"female"	"leisure"
296.000000	"Excellent upgrade program for the rooms"	"male"	"business"
297.000000	"Luxurious rooms, excellent location"	"female"	"leisure"
298.000000	"Upgrade was not offered to me"	"male"	"business"
299.000000	"Excellent infrastructure, great food, perfect location"	"female"	"leisure"
300.000000	"Beautiful hotel with good price performance ratio"	"female"	"leisure"
301.000000	"The price"	"female"	"leisure"
302.000000	"Good price-performance ratio"	"female"	"leisure"
303.000000	"The hotel is nice, but not centrally located."	"female"	"business"
304.000000	"Bad location"	"male"	"leisure"
305.000000	"The surroundings at the hotel were very well maintained."	"female"	"leisure"
306.000000	"The area around the hotel was very poor"	"female"	"business"
307.000000	"Centrally located"	"female"	"business"
308.000000	"Beautiful surroundings."	"male"	"business"
309.000000	"Top location"	"female"	"leisure"
310.000000	"The area was very well maintained, rooms very large"	"female"	"leisure"
311.000000	"Room Quality"	"male"	"leisure"
312.000000	"Fabulous size of the room"	"female"	"business"
313.000000	"Great room Size"	"female"	"leisure"
314.000000	"Free WiFi in the room"	"female"	"leisure"
315.000000	"No free WiFi in the room"	"male"	"leisure"
316.000000	"No free WiFi"	"male"	"leisure"
317.000000	"The hotel is outdated."	"female"	"business"
318.000000	"The stay was unfortunately very disappointing."	"female"	"leisure"
319.000000	"The hotel was completely overcrowded. Lack of  free Wifi in the room"	"male"	"leisure"
320.000000	"Inadequate amenities"	"male"	"business"
321.000000	"Unpleasant atmosphere"	"male"	"business"
322.000000	"Pleasant atmosphere"	"female"	"business"
323.000000	"Dated atmosphere. Portier does not greet. Heating in the bathroom not working."	"female"	"leisure"
324.000000	"Marvellous hotel"	"female"	"leisure"
325.000000	"Top quality. I was upgraded to a bigger room"	"male"	"business"
326.000000	"The hotel fully met our expectations."	"female"	"leisure"
327.000000	"The grounds were very well maintained. Very clean"	"female"	"business"
328.000000	"Atmosphere and service from staff are excellent."	"male"	"leisure"
329.000000	"Atmosphere and service of the staff are excellent."	"male"	"business"
330.000000	"We really enjoyed our stay."	"female"	"leisure"
331.000000	"Not centrally located"	"male"	"business"
332.000000	"Value for money isn't that good. Way too expensive."	"male"	"leisure"
333.000000	"Long wait times. Staff very rude"	"female"	"business"
334.000000	" Long wait at the bar"	"male"	"business"
335.000000	"inhospitable atmosphere in the breakfast room"	"male"	"leisure"
336.000000	" room not available"	"female"	"business"
337.000000	"The facility is well maintained; They were able to upgrade us"	"male"	"leisure"
338.000000	"The suites are furnished as expected generous and very nice"	"female"	"leisure"
339.000000	"Catastrophic check-out. I was charged for extras I hadn't ordered."	"female"	"business"
340.000000	"room not available"	"male"	"business"
341.000000	"Excellent, friendly, reliable service"	"male"	"business"
342.000000	"Discomfort caused by tobacco smoke"	"female"	"leisure"
343.000000	"TV was very old"	"male"	"business"
344.000000	"Great fitness facilities"	"male"	"business"
345.000000	"Super nice and attentive hotel staff."	"female"	"business"
346.000000	"The place is wonderful. We will be back"	"female"	"leisure"
347.000000	"very nice staff, everywhere"	"male"	"leisure"
348.000000	"Rapid completion of the check in"	"female"	"business"
349.000000	"Uncomplicated check-in and out"	"male"	"business"
350.000000	"The reception is slow, ineffective and unreliable."	"female"	"leisure"
351.000000	"Cleanliness of improvement"	"female"	"leisure"
352.000000	"Great design."	"male"	"business"
353.000000	"Luxurious spa area"	"male"	"leisure"
354.000000	"No newspapers available."	"male"	"business"
355.000000	"No newspapers."	"male"	"business"
356.000000	"Perfect price - performance ratio. A real recommendation"	"female"	"leisure"
357.000000	"A hotel full of perfection and luxury"	"female"	"business"
358.000000	"Had expected more support from staff"	"male"	"leisure"
359.000000	"It was a wonderful stay, the service is really good."	"male"	"leisure"
360.000000	"Friendly staff, good service"	"male"	"business"
361.000000	"Good service and friendly staff"	"female"	"leisure"
362.000000	"Super friendly welcome and extensive breakfast buffet"	"female"	"business"
363.000000	"Excellent service, very friendly staff."	"female"	"leisure"
364.000000	"The service was great then."	"male"	"business"
365.000000	"The service is excellent. Perfect location"	"male"	"leisure"
366.000000	"Room service is fast and friendly."	"female"	"business"
367.000000	"The room service was very quick."	"female"	"leisure"
368.000000	"Room service very quickly."	"male"	"business"
369.000000	"Very clean and good standard!"	"male"	"leisure"
370.000000	"Friendly, helpful staff. Very good breakfast!"	"female"	"business"
371.000000	"All our expectations were not only met but exceeded!"	"female"	"leisure"
372.000000	"The quality and cleanliness of the rooms in line with expectations"	"male"	"business"
373.000000	"I thought that was really great."	"male"	"leisure"
374.000000	"Tastefully decorated. Friendly Personnal"	"female"	"leisure"
375.000000	"Well-equipped."	"male"	"business"
376.000000	"Outstanding comfort. Great location. Cheap Accommodation."	"male"	"leisure"
377.000000	"High prices."	"female"	"leisure"
378.000000	"no waiting time at check-in. Everything OK."	"female"	"business"
379.000000	"No service at the pool"	"female"	"leisure"
380.000000	"Poor room service on Saturday morning"	"male"	"leisure"
381.000000	"My wife and I slept well. Perfect pick-up service"	"male"	"leisure"
382.000000	"no support at reception"	"female"	"business"
383.000000	"Poor support from concierges"	"female"	"leisure"
384.000000	"Reception was poor. Never again"	"male"	"business"
385.000000	"The staff was overwhelmed"	"male"	"leisure"
386.000000	"On departure a paid shuttle was ordered"	"female"	"leisure"
387.000000	"Exceptionally friendly staff. Family-like place"	"female"	"business"
388.000000	"great staff attitude"	"female"	"business"
389.000000	"Complimentary shuttle service"	"male"	"leisure"
390.000000	"No shuttle.  Soap dispenser not refilled"	"male"	"business"
391.000000	"Shuttle service not free. Arrogant and rude staff at Frontdesk."	"female"	"leisure"
392.000000	"The airport pick-up was not working."	"female"	"business"
393.000000	"Staying at the hotel was pleasant, but unfortunately very impersonal."	"male"	"leisure"
394.000000	"The outdoor pool made a dirty impression"	"male"	"business"
395.000000	"Good pick up service, but the bathrooms were unclean."	"female"	"business"
396.000000	"Problem with reservation. Never again thanks"	"female"	"leisure"
397.000000	"Unpleasant smell of the toilet and the room also DISTINCT."	"male"	"business"
398.000000	"No upgrade. Checkout complicated."	"male"	"leisure"
399.000000	"no wifi in the rooms, rooms bad. Never again"	"male"	"business"
400.000000	"Rusty smell in bathroom."	"female"	"leisure"
401.000000	"no ventilation in the bathroom. Nasty smell from the sewer"	"female"	"business"
402.000000	"No free beds for our children. No recognition. We were not upgraded"	"female"	"leisure"
403.000000	"Unpleasant odors; inadequate ventilation"	"female"	"leisure"
404.000000	"Gorgeous pool area  but the air conditioning in the room was inefficient."	"male"	"business"
405.000000	"Outstanding courteous staff."	"male"	"leisure"
406.000000	"Excellent Services."	"male"	"business"
407.000000	"Highest class hotel. Very pleasant"	"female"	"leisure"
408.000000	"Staff very unfriendly.I wouldn't recommend this hotel to my colleagues."	"female"	"business"
409.000000	"Incompetent Hotel Management. No shuttle"	"male"	"business"
410.000000	"Free newspaper at the door in the morning"	"male"	"leisure"
411.000000	"Great ! Easy Reservation. Great TV set"	"female"	"leisure"
412.000000	"A really first-class luxury hotel. Pleasant smell in the room."	"female"	"business"
413.000000	"We felt comfortable"	"male"	"leisure"
414.000000	"Everything was perfect. The reception was very friendly and helpful. No noise. Very clean."	"male"	"business"
415.000000	"The elevator was not working"	"female"	"business"
416.000000	"Everything was perfect for my wife, me and our 3 children."	"male"	"leisure"
417.000000	"Great upgrade. Uncomplicated check out"	"male"	"business"
418.000000	"The air conditioning was not working."	"female"	"leisure"
419.000000	"The hotel is badly in need of renovation."	"male"	"leisure"
420.000000	"Friendlness"	"female"	"leisure"
421.000000	"Excellent Price-performance ratio"	"male"	"leisure"
422.000000	"Great price-performance ratio"	"male"	"business"
423.000000	"Room very small"	"female"	"business"
424.000000	"No TV remote in the room"	"female"	"leisure"
425.000000	"Equipment is relatively old"	"male"	"business"
426.000000	"Room smelled of cigarette smoke"	"male"	"leisure"
427.000000	"Everything  was great. I'll definitely come back there."	"female"	"business"
428.000000	"The finish of a 5 stars hotel lacked completely"	"female"	"leisure"
429.000000	"The room was very tiny."	"male"	"business"
430.000000	"The room was relatively small."	"male"	"leisure"
431.000000	"no advantage"	"female"	"business"
432.000000	"it was OK"	"female"	"leisure"
433.000000	"Price performance ratio very good"	"male"	"business"
434.000000	"The air conditioning in the room was inefficient"	"male"	"leisure"
435.000000	"Street noise"	"female"	"business"
436.000000	"Room up-grade"	"female"	"leisure"
437.000000	"Musty"	"male"	"leisure"
438.000000	"Smelly"	"male"	"business"
439.000000	"Poor hygiene in bathroom"	"female"	"leisure"
440.000000	"Good ventilation"	"female"	"business"
441.000000	"Very overrated. Room could have been cleaned better before our arrival "	"male"	"leisure"
442.000000	"Nice bathroom in the rooms, friendly and attentive front desk staff."	"male"	"business"
443.000000	"The front desk staff was very helpful and friendly!"	"female"	"leisure"
444.000000	"Front desk staff very friendly. Happy hour and breakfast very good, staff very helpful."	"female"	"business"
445.000000	"Front desk staff very helpful and friendly."	"male"	"leisure"
446.000000	"Front desk staff was very friendly and helpful!"	"male"	"business"
447.000000	"Front desk staff was very friendly."	"female"	"leisure"
448.000000	"Front desk staff were very friendly. Hotel had a very nice and spacious lobby."	"female"	"business"
449.000000	"The front desk staff was extremely helpful, professional, and friendly. "	"male"	"leisure"
450.000000	"The front desk staff were so friendly and accomdating"	"male"	"business"
451.000000	"The staff were extremely hospitable and accommodating."	"female"	"leisure"
452.000000	"Very hospitable staff."	"female"	"business"
453.000000	"Your staff is extremely friendly and hospitable. The rooms and common areas were spotless."	"male"	"leisure"
454.000000	"All personnel encountered helpful and friendly"	"male"	"business"
455.000000	"All staff are exceedingly helpful and friendly"	"female"	"leisure"
456.000000	"great hotel,good location, had a great experience!"	"female"	"business"
457.000000	"Great welcoming experience upon our arrival. Very spacious room."	"male"	"leisure"
458.000000	"Bar prices were a bit high. Everything else was very fine. Excellent hotel staff and outstanding location"	"male"	"business"
459.000000	"Bathroom too dark. High price for a small room."	"female"	"leisure"
460.000000	"elevator was  malfunctioning"	"female"	"business"
461.000000	"Elevators malfunction and noisy"	"male"	"leisure"
462.000000	"Lift was broken"	"male"	"business"
463.000000	"Lifts are too slow."	"female"	"leisure"
464.000000	"All employees were both courteous and unobtrusive. "	"female"	"business"
465.000000	"great staff"	"male"	"leisure"
466.000000	"Outstanding staff"	"male"	"business"
467.000000	"It was impossible to surf internet"	"female"	"leisure"
468.000000	"The bed was uncomfortable, the carpet was dirty"	"female"	"business"
469.000000	"the corridor was too dark"	"male"	"leisure"
470.000000	"Corridors too dark"	"male"	"business"
471.000000	"hard to find"	"female"	"leisure"
472.000000	"there was nothing to do"	"female"	"business"
473.000000	"the view was bad"	"male"	"leisure"
474.000000	"the service was about slowly"	"male"	"business"
475.000000	"no choice for breakfast"	"female"	"leisure"
476.000000	"there was no internet connection"	"female"	"business"
477.000000	"The meal times were too early"	"male"	"leisure"
478.000000	"Breakfast costs extra"	"male"	"business"
479.000000	"On evenings there was nothing to do and restaurants were closed."	"female"	"leisure"
480.000000	"You have never cleaned my room"	"female"	"business"
481.000000	"The swimming pool was always closed"	"male"	"leisure"
482.000000	"Breakfast does not take long enough"	"male"	"business"
483.000000	"The bed was not comfortable"	"female"	"leisure"
484.000000	"TV  was broken"	"female"	"business"
485.000000	"no parking for my bike"	"male"	"leisure"
486.000000	"too much noise in the evening"	"female"	"business"
487.000000	"There was no soap in the bathroom"	"male"	"leisure"
488.000000	"no smoking rooms"	"male"	"business"
489.000000	"Heating was too noisy (at night)"	"female"	"leisure"
490.000000	"Ashtray was not emptied"	"female"	"business"
491.000000	"poor room service. Needs remodeling"	"male"	"leisure"
492.000000	"Juice was not fresh"	"male"	"business"
493.000000	"no hairdryer in the room"	"female"	"leisure"
494.000000	"Mattress very uncomfortable"	"female"	"business"
495.000000	"Terrible music in the bar"	"male"	"business"
496.000000	"Mirror in bathroom was dirty"	"female"	"leisure"
497.000000	"Furniture very old-fashioned"	"female"	"business"
498.000000	"not enough Family Room"	"male"	"leisure"
499.000000	"No Internet access"	"male"	"business"
500.000000	"Hotel website is not very user-friendly"	"female"	"leisure"
501.000000	"dissatisfied with my room - quite too small"	"female"	"business"
502.000000	"Hotel not centrally located"	"male"	"leisure"
503.000000	"Bathroom was too small"	"male"	"business"
504.000000	"bad facilities"	"female"	"leisure"
505.000000	"Small conference rooms"	"female"	"business"
506.000000	"unfriendly waitress"	"male"	"leisure"
507.000000	"Bed was too hard. Carpets were torn and smelly. To put it in a nutshell, hotel in bad condition, but staff was friendly"	"male"	"business"
508.000000	"Unfortunately the luggage was misplaced"	"female"	"leisure"
509.000000	"Parking was too dark"	"male"	"leisure"
510.000000	"Bar was too expensive"	"male"	"business"
511.000000	"too many children"	"female"	"leisure"
512.000000	"Sheets were uncomfortable"	"female"	"business"
513.000000	"no chair in room"	"male"	"leisure"
514.000000	"not possible to arrive by bus"	"male"	"business"
515.000000	"Nice location but too far from the train station"	"female"	"leisure"
516.000000	"Absolutely trouble-free late check-out. Super Service."	"female"	"business"
517.000000	"The hotel is outdated"	"male"	"leisure"
518.000000	"Rooms too anonymous. Extras too expensive."	"male"	"business"
519.000000	"Food is not so good and quite expensive."	"female"	"leisure"
520.000000	"Old-fashioned and worn interiors of the rooms."	"female"	"business"
521.000000	"Access to the pool for a fee"	"male"	"leisure"
522.000000	"The carpet in the room was stained"	"male"	"business"
523.000000	"All are very friendly and all have been helpful."	"female"	"leisure"
524.000000	"Atmosphere, friendliness"	"female"	"business"
525.000000	"Service, friendliness, cleanliness"	"male"	"leisure"
526.000000	"Great service but very tired-restoration / renovation urgently needed!"	"male"	"business"
527.000000	"Great services  and reception."	"female"	"leisure"
528.000000	"outstanding Breakfast Buffet"	"female"	"business"
529.000000	"perfect location"	"male"	"leisure"
530.000000	"perfect location"	"male"	"business"
531.000000	"No upgrade."	"female"	"business"
532.000000	"Cost effective hotel."	"female"	"leisure"
533.000000	"a better breakfast"	"male"	"leisure"
534.000000	"A delightful stay"	"male"	"business"
535.000000	"A grand structure. Excellent value"	"female"	"leisure"
536.000000	"A great hotel!"	"female"	"business"
537.000000	"A great welcome!"	"male"	"leisure"
538.000000	"Food was exceelent"	"male"	"business"
539.000000	"food was excellent"	"female"	"leisure"
540.000000	"Food was excellent"	"female"	"business"
541.000000	"Food was good"	"male"	"leisure"
542.000000	"Food was good."	"male"	"business"
543.000000	"Food was great"	"female"	"leisure"
544.000000	"Food was great"	"female"	"business"
545.000000	"Food was not good."	"male"	"leisure"
546.000000	"food was splendid"	"male"	"business"
547.000000	"Food was very good."	"female"	"leisure"
548.000000	"price is a bit high"	"female"	"business"
549.000000	"professionalism"	"male"	"leisure"
550.000000	"prompt service"	"male"	"business"
551.000000	"provide free WiFi"	"female"	"leisure"
552.000000	"a bit dirty and loud"	"female"	"business"
553.000000	"I enjoyed the chocolate on the pillow ;-)"	"male"	"leisure"
554.000000	"A delightful stay"	"male"	"business"
555.000000	"A friendly and helpful staff."	"female"	"leisure"
556.000000	"A grand structure."	"female"	"business"
557.000000	"A great hotel!"	"male"	"leisure"
558.000000	"A great welcome!"	"male"	"business"
559.000000	"a lot of noise from next room"	"female"	"leisure"
560.000000	"Everything was fine."	"male"	"leisure"
561.000000	"everything was good"	"male"	"business"
562.000000	"Everything was good!!"	"female"	"leisure"
563.000000	"everything was great"	"female"	"business"
564.000000	"Everything was great"	"male"	"leisure"
565.000000	"everything was great"	"male"	"business"
566.000000	"Everything was great!"	"female"	"leisure"
567.000000	"Everything was great."	"female"	"business"
568.000000	"Everything was great."	"male"	"leisure"
569.000000	"Everything was impeccable."	"male"	"business"
570.000000	"Everything was outstanding."	"female"	"leisure"
571.000000	"everything was perfect"	"female"	"business"
572.000000	"Everything was perfect"	"male"	"leisure"
573.000000	"Everything was perfect."	"male"	"business"
574.000000	"Everything was satisfactory."	"female"	"leisure"
575.000000	"Everything was terrific"	"female"	"business"
576.000000	"Everything was top notch!"	"male"	"leisure"
577.000000	"Great service."	"male"	"business"
578.000000	"Great service."	"female"	"leisure"
579.000000	"Great service. Awesome room."	"female"	"business"
580.000000	"Great service. Great room."	"male"	"leisure"
581.000000	"Great services and amenities"	"male"	"business"
582.000000	"great space and nicer rooms"	"female"	"leisure"
583.000000	"great spot"	"female"	"business"
584.000000	"Great staff"	"male"	"leisure"
585.000000	"Great staff"	"male"	"business"
586.000000	"Great staff"	"female"	"leisure"
587.000000	"No slipper in room."	"female"	"business"
588.000000	"No smoking policy"	"male"	"leisure"
589.000000	"no spa services on site"	"male"	"business"
590.000000	"No space in the lobby"	"female"	"leisure"
591.000000	"no suggestions"	"female"	"business"
592.000000	"No taxi or shuttle  available"	"male"	"leisure"
593.000000	"No tea"	"male"	"business"
594.000000	"Not the greatest area, but  price rather reasonable"	"female"	"leisure"
595.000000	"no toothbrush or toothpaste."	"female"	"business"
596.000000	"No welcome fruit"	"male"	"leisure"
597.000000	"no welcome fruit"	"male"	"business"
598.000000	"room upgrade was nice"	"female"	"leisure"
599.000000	"room upgrade was unexpected."	"female"	"business"
600.000000	"Room upgrade!"	"male"	"leisure"
601.000000	"Room view, size and design."	"male"	"business"
602.000000	"room was better than expected"	"female"	"business"
603.000000	"Room was bigger and better."	"male"	"leisure"
604.000000	"Room was clean."	"male"	"business"
605.000000	"Room was dated"	"female"	"leisure"
606.000000	"room was excellent"	"female"	"business"
607.000000	"Room was exceptional"	"male"	"leisure"
608.000000	"Room was great!"	"male"	"business"
609.000000	"Room was not as expected"	"female"	"leisure"
610.000000	"room was not in good shape"	"female"	"business"
611.000000	"room was not very nice"	"male"	"leisure"
612.000000	"Room was small"	"male"	"business"
613.000000	"Room was  much bigger than expected"	"female"	"leisure"
614.000000	"Good location, friendly staff, good food"	"female"	"leisure"
615.000000	"I didn't get any room upgrade."	"female"	"leisure"
616.000000	"bathroom not cleaned after previous guest. Checking in was a nightmare."	"female"	"leisure"
617.000000	"The view from my upgrade room was great. All employees were friendly, from front desk to cleaning staff."	"female"	"leisure"
618.000000	"Comfortable rooms, nice swimming pool."	"female"	"leisure"
619.000000	"A wonderful experience, well-run hotel with excellent staff."	"female"	"leisure"
620.000000	"Good location, friendly staff, good food"	"female"	"business"
621.000000	"A wonderful experience, well-run hotel with excellent staff."	"female"	"business"
622.000000	"Very user-friendly experience. Excellent food and staff."	"female"	"leisure"
623.000000	"a nice stay."	"female"	"leisure"
624.000000	"Comfortable rooms, nice swimming pool."	"female"	"leisure"
625.000000	"We will stay here again. Outstanding staff."	"female"	"leisure"
626.000000	"My wife and I had a memorable honeymoon stay."	"male"	"leisure"
627.000000	"this hotel is a real pleasure"	"female"	"leisure"
628.000000	"All employees were exceptionally friendly and helpful."	"female"	"leisure"
629.000000	"All staff was helpful and friendly"	"female"	"business"
630.000000	"The view from my upgrade room was great. All employees were friendly, from front desk to cleaning staff."	"female"	"leisure"
631.000000	"All aspects of our stay were great."	"female"	"leisure"
632.000000	"upgrade was much appreciated."	"female"	"leisure"
633.000000	"bathroom wasn't cleaned after previous guest. Checking in and out was a nightmare."	"female"	"leisure"
634.000000	"I didn't get any room upgrade."	"female"	"leisure"
635.000000	"All employees were courteous. "	"female"	"leisure"
636.000000	"Property was well maintained and very clean. "	"female"	"leisure"
637.000000	"Rooms were beautiful and food was great and rather cheap."	"female"	"leisure"
638.000000	"good location but horrible smell in the corridors; too bad"	"female"	"business"
639.000000	"The sheets were clean but the room had a smell and was not clean"	"female"	"business"
640.000000	"We were charged for parking and internet connection."	"female"	"leisure"
641.000000	"The hotel shuttle was extremely convenient "	"female"	"leisure"
642.000000	"The locatoin was amazing."	"male"	"business"
643.000000	"air conditioning wasn't working. When they repaired it, it was to find that it was too noisy."	"male"	"leisure"
644.000000	"Loud airco system."	"male"	"leisure"
645.000000	"i would have expected room upgrade."	"male"	"business"
646.000000	"room not ready before 3:30 pm."	"male"	"business"
647.000000	"At check-out, staff was quite rude. But the rooms were nice and well-decorated."	"male"	"business"
648.000000	"great location, fast shuttle service, good food, clean rooms."	"male"	"business"
649.000000	"No fitness room. I was very disappointed overall with the service . The room is tending to be worn out, carpets and walls can be fresher"	"male"	"business"
650.000000	"Fitness room wasn't open."	"male"	"business"
651.000000	"The two restaurants were closed over the week-end and the hotel is too far from the city."	"male"	"leisure"
652.000000	"free internet access, clean rooms, friendly people."	"male"	"leisure"
653.000000	"Excellent staff, great location."	"male"	"business"
654.000000	"outlets were not clean, breakfast was too expensive for what was proposed."	"male"	"business"
655.000000	"My husband and I spent two days in this wonderful hotel; We'll definitely come back."	"female"	"leisure"
656.000000	"My husband and I had a wonderful stay. The restaurnt, sports facilities, location, and room facilities were just great."	"female"	"leisure"
657.000000	"Great and cheap restaurant with many local specialties."	"female"	"business"
658.000000	"My wife and I appreciated the courtesy of staff."	"male"	"leisure"
659.000000	"Outstanding location and good shuttle facilities."	"female"	"leisure"
660.000000	"My husband and I loved the fitness center."	"female"	"leisure"
661.000000	"Stale smells and tiny bathrooms."	"female"	"business"
662.000000	"The room smelled like smoke."	"female"	"business"
663.000000	"All my requests were taken care of and I was treated with respect. One of the best hotel experiences I have had."	"female"	"leisure"
664.000000	"Not enough personnel at breakfast."	"female"	"leisure"
665.000000	"Great help from concierge. Nice amenitites. Excellent food"	"female"	"business"
666.000000	"Fast response in case of any issue"	"female"	"leisure"
667.000000	"All people are great. "	"female"	"leisure"
668.000000	"Slow check in. Had to pay for wifi. The walls were also very thin."	"female"	"leisure"
669.000000	"Check out was very fast. Quality of the room"	"female"	"leisure"
670.000000	"Long files for check-in; They could have provided more people at reception desk"	"female"	"leisure"
671.000000	"no wait time at check-in and check-out."	"female"	"leisure"
672.000000	"wait time too long at breakfast time."	"female"	"leisure"
673.000000	"Short wait times for check-out"	"female"	"leisure"
674.000000	"Lift takes ages to go to the 4th floor."	"female"	"leisure"
675.000000	"staff not always friendly with our kids."	"female"	"leisure"
676.000000	"internet should be free"	"male"	"leisure"
677.000000	"internet should be free of charge"	"male"	"leisure"
678.000000	"Internet should be free"	"female"	"leisure"
679.000000	"Internet should be free of charge"	"female"	"leisure"
680.000000	"had to pay too much for internet access."	"female"	"leisure"
681.000000	"wifi didn't work in my room."	"female"	"business"
682.000000	"I found it was not clean. "	"female"	"leisure"
683.000000	" Helpfulness of the staff and quality of food"	"female"	"business"
684.000000	"very quiet. We had a wonderful stay with my fiancé. I'll definitely return"	"female"	"leisure"
685.000000	"Unit was spacious and well-equipped.  Good location - good access to the area. Very quiet and good neighborhood."	"male"	"business"
686.000000	"$8.99 is too much to pay for internet access."	"male"	"leisure"
687.000000	"Very comfortable bed, excellent restaurant and very prompt  cleaning service."	"female"	"business"
688.000000	"Friendliness of the staffs."	"female"	"leisure"
689.000000	" cost effective."	"female"	"leisure"
690.000000	"Average Hotel"	"female"	"leisure"
691.000000	"Average hotel"	"male"	"leisure"
692.000000	"Average hotel, the location is the only good point"	"female"	"leisure"
693.000000	"average quality"	"male"	"business"
694.000000	"Average services "	"female"	"leisure"
695.000000	"awesome facilities, friendly people."	"male"	"leisure"
696.000000	"bad check in experience and was informed paid room upgrade is only available, otherwise non in available not even to the next category!"	"female"	"leisure"
697.000000	"Bad experience with the service."	"female"	"leisure"
698.000000	"Bad food, Poor service"	"female"	"leisure"
699.000000	"Bad internet facilities, low water pressure in shower"	"female"	"leisure"
700.000000	"bad service"	"female"	"leisure"
701.000000	"bad experience"	"female"	"leisure"
702.000000	"Check in was extremely helpful "	"female"	"leisure"
703.000000	"Check in was fast and friendly.  "	"female"	"leisure"
704.000000	"Check in was fast. Service was good."	"female"	"leisure"
705.000000	"comfortable rooms, beautiful grounds"	"female"	"leisure"
706.000000	"Comfortable rooms, excellent service, convenient location."	"female"	"leisure"
707.000000	"Comfortable rooms, friendly staff"	"female"	"leisure"
708.000000	"Comfortable rooms, great stores and restaurants"	"female"	"business"
709.000000	"Comfortable rooms, stylish, free wireless."	"female"	"leisure"
710.000000	"loved the atmosphere and staff"	"male"	"leisure"
711.000000	"Loved the bathroom"	"female"	"leisure"
712.000000	"Loved the bathrooms!"	"male"	"leisure"
713.000000	"loved the beach chairs"	"female"	"leisure"
714.000000	"Loved the beach.  Room was immaculate.  Good exercise room"	"male"	"leisure"
715.000000	"Loved the bed"	"female"	"leisure"
716.000000	"Loved the bed and pillows."	"male"	"leisure"
717.000000	"Loved the bed and the shower and the overall design of the hotel and room. It made me feel so elegant to stay here!"	"female"	"business"
718.000000	"Loved the bed and the shower; water pressure was amazing!!"	"male"	"leisure"
719.000000	"Loved the bed!"	"female"	"leisure"
720.000000	"Loved the bed!!!! "	"male"	"leisure"
721.000000	"Loved the bed, very comfortable!"	"female"	"leisure"
722.000000	"Loved the bed."	"male"	"leisure"
723.000000	"Loved the bed.  Rooms were spacious and clean but not well lit enough."	"female"	"leisure"
724.000000	"Loved the bedding"	"male"	"leisure"
725.000000	"Loved the bedding, very comfy. The room was clean and quiet"	"female"	"business"
726.000000	"loved the beds and bedding"	"male"	"business"
727.000000	"Loved the beds!"	"female"	"business"
728.000000	"Loved the beds!"	"male"	"business"
729.000000	"The staff is very friendly and helpful"	"female"	"business"
730.000000	"The staff is very friendly"	"male"	"business"
731.000000	"The staff is very friendly and so helpful."	"female"	"business"
732.000000	"The staff is very friendly and the breakfast is very good with a great selection."	"male"	"leisure"
733.000000	"the staff is very friendly and welcoming"	"female"	"leisure"
734.000000	"The staff is very friendly, helpful and professional"	"female"	"leisure"
735.000000	"The staff is very friendly."	"female"	"leisure"
736.000000	"The staff is very helpful and friendly.  "	"female"	"leisure"
737.000000	"The staff is very helpul there & the location is very nice"	"female"	"leisure"
738.000000	"The staff is very knowledgeable and helpful!"	"female"	"leisure"
739.000000	"The staff is very pleasant and accommodating."	"female"	"leisure"
740.000000	"Your staff was outstanding!"	"female"	"leisure"
741.000000	"Your Staff was Outstanding. All aspects were just great. Housekeeping, Front desk, Bar staff, maintenance, and Club staff!!! Great Job."	"female"	"leisure"
742.000000	"Your staff was superb.  Friendly, helpful."	"male"	"leisure"
743.000000	"Your treatment of guests is outstanding."	"male"	"leisure"
744.000000	"Your upgrade was very nice"	"male"	"business"
745.000000	"Your valet was just the best ever"	"female"	"leisure"
746.000000	"wireless access in the lobby  VERY, VERY poor. "	"female"	"leisure"
747.000000	"Your wonderful, welcoming staff."	"female"	"leisure"
748.000000	"slippery floor. My 89 years old mom fell and broke her leg. "	"female"	"leisure"
749.000000	"yummy breakfast, nice soft comfy beds , very friendly staff , room service always quick"	"female"	"leisure"
750.000000	"room was tiny."	"female"	"leisure"
751.000000	"zero acknowledgement of member status. "	"female"	"business"
752.000000	"checkin was awful. They had lost our reservation."	"male"	"leisure"
753.000000	"I had booked thru internet for 2 rooms: one for me and my husband and another one for our 3 children and they lost our reservation."	"male"	"leisure"
754.000000	"will never come back."	"male"	"business"
755.000000	"avoid this hotel. It's noisy, dirty, expensive and staff is extremely arrogant"	"male"	"leisure"
756.000000	"Great hotel, yummy breakfast, nice soft comfy beds , very friendly staff , room service always quick"	"female"	"leisure"
757.000000	"bad smell in the bathroom"	"female"	"leisure"
758.000000	"smelly bathroom"	"female"	"leisure"
759.000000	"i couldn't recommend your hotel to anyone."	"female"	"leisure"
760.000000	"was disappointed by my last stay in this hotel. Rooms were small and breakfast above average and expenseive."	"male"	"leisure"
761.000000	"Clean room and bed sheet"	"female"	"leisure"
762.000000	"Clean room and nice fitness facility"	"female"	"business"
763.000000	"Clean room convienient check in"	"female"	"leisure"
764.000000	"clean room ready early.  Friendly staff.  Great location"	"female"	"leisure"
765.000000	"Clean room with comfortable beds.  The staff was very friendly.  Nice complimentary breakfast/happy hour."	"female"	"leisure"
766.000000	"Clean room with very nice amendities"	"female"	"leisure"
767.000000	"Clean rooms and staff was very attentive."	"female"	"leisure"
768.000000	"clean rooms comfy bed!!!"	"female"	"leisure"
769.000000	"clean rooms nice people"	"female"	"business"
770.000000	"Clean rooms, comfy beds, great service, nice employees."	"female"	"business"
771.000000	"Clean rooms, friendly and helpful staff."	"female"	"leisure"
772.000000	"Coffee unavailable in lobby"	"male"	"leisure"
773.000000	"staff not attending coffee bar"	"male"	"business"
774.000000	"no sound proofing in the rooms"	"male"	"leisure"
775.000000	"Bad soundproofing"	"male"	"leisure"
776.000000	"Not soundproofed"	"male"	"leisure"
777.000000	"The decor and surroundings of the hotel are luxurious"	"female"	"business"
778.000000	"Room  not cleaned thoroughly at all upon check-in.  Hairs in bathroom. "	"female"	"leisure"
779.000000	"Run down furniture.  Very uncomfortable bed.  Very noisy"	"male"	"business"
780.000000	" Good location - room Cleanliness - Nice people"	"female"	"leisure"
781.000000	"The shower was moldy"	"male"	"leisure"
782.000000	"Shuttle service to the airport was excellent."	"female"	"business"
783.000000	"Shutle service was excellent"	"male"	"leisure"
784.000000	"I was very happy with the whole experience"	"female"	"business"
785.000000	"Very attentive staff and happy hour menu at hotel."	"male"	"leisure"
786.000000	"Very beautiful resort. Well attended to."	"female"	"business"
787.000000	"Very beautiful surroundings. Well trained staff."	"male"	"leisure"
788.000000	"Very beautiful, great amenities."	"female"	"business"
789.000000	"Very fast check in, fast room service."	"male"	"leisure"
790.000000	"Surrounding area is not clean"	"female"	"business"
791.000000	"The wifi in the rooms does not work properly"	"male"	"leisure"
792.000000	"Restaurants & Mini Bar is extremely expensive"	"female"	"business"
793.000000	"Wifi in rooms doesn't work properly"	"male"	"leisure"
794.000000	"The wifi in rooms doesn't always work properly"	"female"	"business"
795.000000	"wifi in lobby not working"	"male"	"leisure"
796.000000	"wifi in lobby won't always work properly"	"female"	"business"
797.000000	"Very efficient and friendly service"	"male"	"leisure"
798.000000	"Very efficient and good service"	"female"	"business"
799.000000	"had problem with the air conditioning"	"male"	"leisure"
800.000000	"I think the hotel is overrated. Towel hanger in bathroom was falling. Wifi not free in rooms."	"female"	"business"
801.000000	"Bed was too soft. Towels were not soft enough. "	"male"	"leisure"
802.000000	"I think the front desk could have been more attentive to the needs of their guests."	"female"	"business"
803.000000	"I think the parking in the garage should not have a charge if your staying in the hotel."	"male"	"leisure"
804.000000	"Walls were thin"	"female"	"business"
805.000000	"I was disappointed by cleanliness and dated room equipment. Lights not fuctioning."	"male"	"leisure"
806.000000	"Room was a little run down and not as nice as past visits."	"female"	"business"
807.000000	"Room service not acceptable. Noise in corridors. Very expensive breakefast."	"male"	"leisure"
808.000000	"The room was fine, the housekeeping, concierge, and bellmen were absolutely wonderful. "	"female"	"business"
809.000000	"The room was not as clean as one would expect."	"male"	"leisure"
810.000000	"The room was not as immaculate as expected"	"female"	"business"
811.000000	"Coffee delivered to room.Room cleaned twice a day"	"male"	"leisure"
812.000000	"I was rather surprised the room had not been cleaned prior to check in."	"female"	"business"
813.000000	"Room not cleaned before check-in"	"male"	"leisure"
814.000000	"I like this hotel for its location and atmosphere"	"female"	"business"
815.000000	"there isn't any thing that I disliked about this hotel or the restaurant"	"male"	"leisure"
816.000000	"I've never had such a poor service"	"female"	"business"
817.000000	"the inner pool is less clean than the jacuzzy or the spa"	"male"	"leisure"
818.000000	"their choice of menus are a lot better than other resturants and their prices are better"	"female"	"business"
819.000000	"no TV or internet connection available in my bedroom"	"male"	"leisure"
820.000000	"no TV or internet connection in bedroom"	"female"	"business"
